{
  "config": "gpu3090",
  "init_seed_sweep": {
    "label": "init_seed",
    "n": 5,
    "losses": [
      1.0060688257217407,
      1.0028283596038818,
      0.9991757273674011,
      1.0017976760864258,
      1.0024068355560303
    ],
    "mean": 1.002455484867096,
    "std": 0.0024691676788634953,
    "ci95_halfwidth": 0.0021643208968913853,
    "per_run_real_effect_threshold_2sigma": 0.004938335357726991,
    "min_detectable_mean_diff_2sigma_over_sqrt_n": 0.0022084907111136584
  },
  "data_seed_sweep": {
    "label": "data_seed",
    "n": 5,
    "losses": [
      1.0057142972946167,
      1.006624698638916,
      1.0024425983428955,
      1.0035312175750732,
      0.9978427886962891
    ],
    "mean": 1.003231120109558,
    "std": 0.003443417076533345,
    "ci95_halfwidth": 0.0030182881459407647,
    "per_run_real_effect_threshold_2sigma": 0.00688683415306669,
    "min_detectable_mean_diff_2sigma_over_sqrt_n": 0.003079885863204862
  },
  "combined": {
    "label": "combined",
    "n": 10,
    "losses": [
      1.0060688257217407,
      1.0028283596038818,
      0.9991757273674011,
      1.0017976760864258,
      1.0024068355560303,
      1.0057142972946167,
      1.006624698638916,
      1.0024425983428955,
      1.0035312175750732,
      0.9978427886962891
    ],
    "mean": 1.002843302488327,
    "std": 0.0028542301127857323,
    "ci95_halfwidth": 0.0017690701520378701,
    "per_run_real_effect_threshold_2sigma": 0.0057084602255714646,
    "min_detectable_mean_diff_2sigma_over_sqrt_n": 0.001805173624528439
  }
}